{
  "test_accuracy": 0.44642857142857145,
  "ml2_baseline": 0.602,
  "target_accuracy": 0.8,
  "improvement": -0.15557142857142853,
  "per_class_accuracy": {
    "acne": 0.0,
    "actinic_keratosis": 0.0,
    "basal_cell_carcinoma": 0.2222222222222222,
    "eczema": 0.7777777777777778,
    "healthy": 0.9090909090909091,
    "rosacea": 0.6666666666666666
  },
  "classification_report": {
    "acne": {
      "precision": 0.0,
      "recall": 0.0,
      "f1-score": 0.0,
      "support": 9.0
    },
    "actinic_keratosis": {
      "precision": 0.0,
      "recall": 0.0,
      "f1-score": 0.0,
      "support": 9.0
    },
    "basal_cell_carcinoma": {
      "precision": 0.2,
      "recall": 0.2222222222222222,
      "f1-score": 0.2105263157894737,
      "support": 9.0
    },
    "eczema": {
      "precision": 0.30434782608695654,
      "recall": 0.7777777777777778,
      "f1-score": 0.43750000000000006,
      "support": 9.0
    },
    "healthy": {
      "precision": 0.625,
      "recall": 0.9090909090909091,
      "f1-score": 0.7407407407407406,
      "support": 11.0
    },
    "rosacea": {
      "precision": 0.8571428571428571,
      "recall": 0.6666666666666666,
      "f1-score": 0.75,
      "support": 9.0
    },
    "accuracy": 0.44642857142857145,
    "macro avg": {
      "precision": 0.33108178053830223,
      "recall": 0.4292929292929293,
      "f1-score": 0.3564611760883691,
      "support": 56.0
    },
    "weighted avg": {
      "precision": 0.34157885980479147,
      "recall": 0.44642857142857145,
      "f1-score": 0.3701854462545252,
      "support": 56.0
    }
  },
  "confusion_matrix": [
    [
      0,
      0,
      2,
      6,
      1,
      0
    ],
    [
      0,
      0,
      3,
      4,
      2,
      0
    ],
    [
      0,
      0,
      2,
      5,
      2,
      0
    ],
    [
      0,
      0,
      1,
      7,
      1,
      0
    ],
    [
      0,
      0,
      0,
      0,
      10,
      1
    ],
    [
      0,
      0,
      2,
      1,
      0,
      6
    ]
  ],
  "predictions": [
    [
      0.1729166954755783,
      0.17272450029850006,
      0.1895924061536789,
      0.20307639241218567,
      0.1356508433818817,
      0.12603914737701416
    ],
    [
      0.07664613425731659,
      0.09547831863164902,
      0.1506980061531067,
      0.20629294216632843,
      0.29082441329956055,
      0.18006019294261932
    ],
    [
      0.16883885860443115,
      0.1699553281068802,
      0.18811772763729095,
      0.20452545583248138,
      0.14184144139289856,
      0.12672121822834015
    ],
    [
      0.1802675575017929,
      0.17747466266155243,
      0.19177694618701935,
      0.1986214816570282,
      0.12575066089630127,
      0.12610869109630585
    ],
    [
      0.18256287276744843,
      0.17940206825733185,
      0.19260360300540924,
      0.19699528813362122,
      0.12221873551607132,
      0.12621745467185974
    ],
    [
      0.19823558628559113,
      0.19582822918891907,
      0.19845327734947205,
      0.1831754446029663,
      0.09675955772399902,
      0.12754790484905243
    ],
    [
      0.15442068874835968,
      0.16069366037845612,
      0.1855376958847046,
      0.20861384272575378,
      0.16145934164524078,
      0.12927472591400146
    ],
    [
      0.18747340142726898,
      0.18399693071842194,
      0.1947263777256012,
      0.19336599111557007,
      0.11407479643821716,
      0.12636257708072662
    ],
    [
      0.18476532399654388,
      0.18130820989608765,
      0.1935526728630066,
      0.1954248696565628,
      0.1186283603310585,
      0.12632057070732117
    ],
    [
      0.19257724285125732,
      0.18924424052238464,
      0.196529820561409,
      0.18881741166114807,
      0.10597871989011765,
      0.12685251235961914
    ],
    [
      0.04271208867430687,
      0.06305287033319473,
      0.12206079810857773,
      0.17986677587032318,
      0.34115171432495117,
      0.2511557638645172
    ],
    [
      0.18883675336837769,
      0.18532337248325348,
      0.1951056569814682,
      0.1920749396085739,
      0.11202831566333771,
      0.1266310065984726
    ],
    [
      0.13414108753204346,
      0.14532701671123505,
      0.18003901839256287,
      0.21299588680267334,
      0.1928890198469162,
      0.13460801541805267
    ],
    [
      0.1562528908252716,
      0.16180413961410522,
      0.1858816295862198,
      0.20830175280570984,
      0.1589304655790329,
      0.12882910668849945
    ],
    [
      0.19480498135089874,
      0.19164343178272247,
      0.1974164843559265,
      0.1866963505744934,
      0.10242035984992981,
      0.12701836228370667
    ],
    [
      0.17134304344654083,
      0.17181985080242157,
      0.18928968906402588,
      0.2039414495229721,
      0.13755185902118683,
      0.1260540932416916
    ],
    [
      0.1800134927034378,
      0.1775297373533249,
      0.19166827201843262,
      0.19868336617946625,
      0.12591852247714996,
      0.12618659436702728
    ],
    [
      0.10865551233291626,
      0.12277936190366745,
      0.16896742582321167,
      0.21225151419639587,
      0.23901523649692535,
      0.1483309268951416
    ],
    [
      0.011689144186675549,
      0.023780684918165207,
      0.0672154352068901,
      0.12281490862369537,
      0.3965294659137726,
      0.37797027826309204
    ],
    [
      0.17280283570289612,
      0.1723213493824005,
      0.18968646228313446,
      0.20334693789482117,
      0.13600458204746246,
      0.1258377879858017
    ],
    [
      0.17861434817314148,
      0.1763574779033661,
      0.19102346897125244,
      0.19914039969444275,
      0.12833192944526672,
      0.1265324205160141
    ],
    [
      0.19149456918239594,
      0.18822439014911652,
      0.1960679143667221,
      0.18954654037952423,
      0.10774524509906769,
      0.12692135572433472
    ],
    [
      0.16125376522541046,
      0.1648920327425003,
      0.1866093873977661,
      0.2073279172182083,
      0.15213529765605927,
      0.12778158485889435
    ],
    [
      0.19260278344154358,
      0.18939802050590515,
      0.19652336835861206,
      0.1887647658586502,
      0.10592596232891083,
      0.1267850697040558
    ],
    [
      0.14235129952430725,
      0.15200169384479523,
      0.18264062702655792,
      0.21088938415050507,
      0.1798560917377472,
      0.13226093351840973
    ],
    [
      0.06379462778568268,
      0.08448077738285065,
      0.14266423881053925,
      0.1970173567533493,
      0.3051077127456665,
      0.2069353461265564
    ],
    [
      0.1397908329963684,
      0.14995062351226807,
      0.18181030452251434,
      0.2108832597732544,
      0.18404130637645721,
      0.13352365791797638
    ],
    [
      0.12341580539941788,
      0.13580098748207092,
      0.175400048494339,
      0.21300852298736572,
      0.21243014931678772,
      0.13994453847408295
    ],
    [
      0.1240556538105011,
      0.13670150935649872,
      0.17606867849826813,
      0.21553057432174683,
      0.21060965955257416,
      0.1370338648557663
    ],
    [
      0.18963991105556488,
      0.18624351918697357,
      0.19549165666103363,
      0.19145233929157257,
      0.11057472229003906,
      0.1265977919101715
    ],
    [
      0.16898414492607117,
      0.1699419915676117,
      0.18833015859127045,
      0.20524033904075623,
      0.14144845306873322,
      0.12605494260787964
    ],
    [
      0.13155342638492584,
      0.1428426206111908,
      0.17882496118545532,
      0.21206432580947876,
      0.19804389774799347,
      0.13667087256908417
    ],
    [
      0.05804453417658806,
      0.07870672643184662,
      0.13756099343299866,
      0.1977684497833252,
      0.320872038602829,
      0.2070472091436386
    ],
    [
      0.12462940812110901,
      0.13708902895450592,
      0.17646431922912598,
      0.21547220647335052,
      0.20949514210224152,
      0.13684991002082825
    ],
    [
      0.15102197229862213,
      0.1583782136440277,
      0.18497802317142487,
