{
  "test_accuracy": 0.25,
  "ml2_baseline": 0.602,
  "target_accuracy": 0.8,
  "improvement": -0.352,
  "per_class_accuracy": {
    "acne": 0.0,
    "actinic_keratosis": 0.0,
    "basal_cell_carcinoma": 0.0,
    "eczema": 0.0,
    "melasma": 1.0,
    "rosacea": 0.5
  },
  "classification_report": {
    "acne": {
      "precision": 0.0,
      "recall": 0.0,
      "f1-score": 0.0,
      "support": 2.0
    },
    "actinic_keratosis": {
      "precision": 0.0,
      "recall": 0.0,
      "f1-score": 0.0,
      "support": 2.0
    },
    "basal_cell_carcinoma": {
      "precision": 0.0,
      "recall": 0.0,
      "f1-score": 0.0,
      "support": 2.0
    },
    "eczema": {
      "precision": 0.0,
      "recall": 0.0,
      "f1-score": 0.0,
      "support": 2.0
    },
    "melasma": {
      "precision": 1.0,
      "recall": 1.0,
      "f1-score": 1.0,
      "support": 2.0
    },
    "rosacea": {
      "precision": 0.1111111111111111,
      "recall": 0.5,
      "f1-score": 0.1818181818181818,
      "support": 2.0
    },
    "accuracy": 0.25,
    "macro avg": {
      "precision": 0.1851851851851852,
      "recall": 0.25,
      "f1-score": 0.196969696969697,
      "support": 12.0
    },
    "weighted avg": {
      "precision": 0.1851851851851852,
      "recall": 0.25,
      "f1-score": 0.196969696969697,
      "support": 12.0
    }
  },
  "confusion_matrix": [
    [
      0,
      0,
      0,
      0,
      0,
      2
    ],
    [
      0,
      0,
      0,
      0,
      0,
      2
    ],
    [
      0,
      0,
      0,
      0,
      0,
      2
    ],
    [
      0,
      0,
      0,
      0,
      0,
      2
    ],
    [
      0,
      0,
      0,
      0,
      2,
      0
    ],
    [
      0,
      0,
      1,
      0,
      0,
      1
    ]
  ],
  "predictions": [
    [
      0.16847652196884155,
      0.14741046726703644,
      0.11203082650899887,
      0.18914031982421875,
      0.06085525453090668,
      0.3220866322517395
    ],
    [
      0.1804688423871994,
      0.15159697830677032,
      0.10871563106775284,
      0.19003954529762268,
      0.053582098335027695,
      0.3155968189239502
    ],
    [
      0.1822991520166397,
      0.15589848160743713,
      0.12320863455533981,
      0.19504982233047485,
      0.06182756647467613,
      0.2817164361476898
    ],
    [
      0.16607144474983215,
      0.1481371819972992,
      0.11689432710409164,
      0.1887742280960083,
      0.06649289280176163,
      0.3136298656463623
    ],
    [
      0.14567352831363678,
      0.14311885833740234,
      0.13719917833805084,
      0.18018798530101776,
      0.07429290562868118,
      0.31952744722366333
    ],
    [
      0.14456205070018768,
      0.149208202958107,
      0.1610361635684967,
      0.18218593299388885,
      0.0838715210556984,
      0.27913618087768555
    ],
    [
      0.1633063405752182,
      0.1578981578350067,
      0.15630747377872467,
      0.195414200425148,
      0.08453484624624252,
      0.2425389140844345
    ],
    [
      0.15606214106082916,
      0.14765483140945435,
      0.14484283328056335,
      0.1904316544532776,
      0.08439159393310547,
      0.2766169309616089
    ],
    [
      0.0105527862906456,
      0.012169712223112583,
      0.04373005032539368,
      0.019911911338567734,
      0.8880618214607239,
      0.025573769584298134
    ],
    [
      0.000419498304836452,
      0.00043364486191421747,
      0.006199399009346962,
      0.0009379829280078411,
      0.9913100004196167,
      0.0006994510185904801
    ],
    [
      0.09144974499940872,
      0.10592427849769592,
      0.24341289699077606,
      0.14758190512657166,
      0.1928063929080963,
      0.21882475912570953
    ],
    [
      0.0010572078172117472,
      0.0020296049769967794,
      0.0030267585534602404,
      0.00454287463799119,
      0.0011019631056115031,
      0.9882416129112244
    ]
  ],
  "true_classes": [
    0,
    0,
    1,
    1,
    2,
    2,
    3,
    3,
    4,
    4,
    5,
    5
  ],
  "predicted_classes": [
    5,
    5,
    5,
    5,
    5,
    5,
    5,
    5,
    4,
    4,
    2,
    5
  ],
  "filtered_accuracy": 1.0,
  "filtered_predictions_count": 3,
  "confidence_scores": [
    0.8880618214607239,
    0.9913100004196167,
    0.9882416129112244
  ]
}