{
  "test_accuracy": 0.625,
  "per_class_accuracy": {
    "acne": 0.7777777777777778,
    "actinic_keratosis": 0.3333333333333333,
    "basal_cell_carcinoma": 0.4444444444444444,
    "eczema": 0.4444444444444444,
    "healthy": 1.0,
    "rosacea": 0.6666666666666666
  },
  "classification_report": {
    "acne": {
      "precision": 0.5,
      "recall": 0.7777777777777778,
      "f1-score": 0.6086956521739131,
      "support": 9.0
    },
    "actinic_keratosis": {
      "precision": 0.3,
      "recall": 0.3333333333333333,
      "f1-score": 0.3157894736842105,
      "support": 9.0
    },
    "basal_cell_carcinoma": {
      "precision": 0.4444444444444444,
      "recall": 0.4444444444444444,
      "f1-score": 0.4444444444444444,
      "support": 9.0
    },
    "eczema": {
      "precision": 0.8,
      "recall": 0.4444444444444444,
      "f1-score": 0.5714285714285714,
      "support": 9.0
    },
    "healthy": {
      "precision": 0.9166666666666666,
      "recall": 1.0,
      "f1-score": 0.9565217391304348,
      "support": 11.0
    },
    "rosacea": {
      "precision": 1.0,
      "recall": 0.6666666666666666,
      "f1-score": 0.8,
      "support": 9.0
    },
    "accuracy": 0.625,
    "macro avg": {
      "precision": 0.6601851851851851,
      "recall": 0.611111111111111,
      "f1-score": 0.6161466468102623,
      "support": 56.0
    },
    "weighted avg": {
      "precision": 0.6693452380952382,
      "recall": 0.625,
      "f1-score": 0.6283029001074114,
      "support": 56.0
    }
  },
  "confusion_matrix": [
    [
      7,
      2,
      0,
      0,
      0,
      0
    ],
    [
      1,
      3,
      4,
      1,
      0,
      0
    ],
    [
      3,
      2,
      4,
      0,
      0,
      0
    ],
    [
      2,
      1,
      1,
      4,
      1,
      0
    ],
    [
      0,
      0,
      0,
      0,
      11,
      0
    ],
    [
      1,
      2,
      0,
      0,
      0,
      6
    ]
  ],
  "predictions": [
    [
      0.35695594549179077,
      0.2467910349369049,
      0.17698338627815247,
      0.11424285918474197,
      0.007319585885852575,
      0.09770721197128296
    ],
    [
      0.29728248715400696,
      0.15092609822750092,
      0.10419035702943802,
      0.2872694432735443,
      0.049273889511823654,
      0.11105775088071823
    ],
    [
      0.31748467683792114,
      0.276040256023407,
      0.215155690908432,
      0.08784987777471542,
      0.004774356726557016,
      0.09869521111249924
    ],
    [
      0.38780733942985535,
      0.21557965874671936,
      0.14164291322231293,
      0.14955829083919525,
      0.011407023295760155,
      0.09400470554828644
    ],
    [
      0.36130812764167786,
      0.2506970763206482,
      0.17755216360092163,
      0.10954596847295761,
      0.0064725494012236595,
      0.09442414343357086
    ],
    [
      0.24227266013622284,
      0.32211875915527344,
      0.28745603561401367,
      0.05374214053153992,
      0.0018491093069314957,
      0.09256130456924438
    ],
    [
      0.3088386356830597,
      0.2650895416736603,
      0.21260690689086914,
      0.09860814362764359,
      0.006711700465530157,
      0.10814516246318817
    ],
    [
      0.22253122925758362,
      0.32478225231170654,
      0.30388855934143066,
      0.05124906823039055,
      0.0018208479741588235,
      0.09572800993919373
    ],
    [
      0.3056550920009613,
      0.28316015005111694,
      0.2262902855873108,
      0.08189956843852997,
      0.004240311216562986,
      0.09875456988811493
    ],
    [
      0.24683544039726257,
      0.3177551329135895,
      0.28200897574424744,
      0.05674390867352486,
      0.002113067777827382,
      0.09454350173473358
    ],
    [
      0.167392298579216,
      0.2849760353565216,
      0.33748313784599304,
      0.06181195005774498,
      0.003960955888032913,
      0.14437556266784668
    ],
    [
      0.3402842879295349,
      0.2696235477924347,
      0.199240043759346,
      0.09251679480075836,
      0.004774687811732292,
      0.09356072545051575
    ],
    [
      0.1879272162914276,
      0.3145223557949066,
      0.3313760757446289,
      0.0520491786301136,
      0.002253624377772212,
      0.11187149584293365
    ],
    [
      0.21278606355190277,
      0.316756933927536,
      0.3081408739089966,
      0.05532153695821762,
      0.002402279293164611,
      0.10459227859973907
    ],
    [
      0.19207271933555603,
      0.335351824760437,
      0.33753490447998047,
      0.04105531796813011,
      0.001099094282835722,
      0.09288612008094788
    ],
    [
      0.19552281498908997,
      0.32288241386413574,
      0.32749342918395996,
      0.04894956573843956,
      0.001832602545619011,
      0.10331917554140091
    ],
    [
      0.2522628605365753,
      0.3127225637435913,
      0.2756161689758301,
      0.060257382690906525,
      0.0024414679501205683,
      0.09669946879148483
    ],
    [
      0.1849609911441803,
      0.055706050246953964,
      0.030776526778936386,
      0.5335562825202942,
      0.15404024720191956,
      0.04095986858010292
    ],
    [
      0.09051249176263809,
      0.1763700395822525,
      0.3715823292732239,
      0.05760929360985756,
      0.00438243942335248,
      0.2995433807373047
    ],
    [
      0.18616430461406708,
      0.34576815366744995,
      0.3486131727695465,
      0.03446895629167557,
      0.0006648597191087902,
      0.08432061970233917
    ],
    [
      0.3059500753879547,
      0.2810591459274292,
      0.22490260004997253,
      0.08363468199968338,
      0.004472736734896898,
      0.0999806821346283
    ],
    [
      0.24277164041996002,
      0.31850695610046387,
      0.28529706597328186,
      0.05613454431295395,
      0.002099820412695408,
      0.09519001096487045
    ],
    [
      0.2867700159549713,
      0.284516304731369,
      0.23763610422611237,
      0.08158010244369507,
      0.004712280351668596,
      0.10478516668081284
    ],
    [
      0.22489236295223236,
      0.3270318806171417,
      0.30324655771255493,
      0.04988619312644005,
      0.0016497279284521937,
      0.09329327195882797
    ],
    [
      0.34587210416793823,
      0.23915709555149078,
      0.1766204833984375,
      0.12385521084070206,
      0.009404346346855164,
      0.10509069263935089
    ],
    [
      0.19929209351539612,
      0.3106517493724823,
      0.3173738420009613,
      0.05690969526767731,
      0.0027761622332036495,
      0.11299649626016617
    ],
    [
      0.19430138170719147,
      0.31247928738594055,
      0.32307353615760803,
      0.05494019389152527,
      0.002576505998149514,
      0.11262907832860947
    ],
    [
      0.030660759657621384,
      0.007305645849555731,
      0.003978584427386522,
      0.5698918700218201,
      0.38050973415374756,
      0.00765333091840148
    ],
    [
      0.09941653907299042,
      0.028081022202968597,
      0.01604130119085312,
      0.5812824368476868,
      0.2502985894680023,
      0.024880116805434227
    ],
    [
      0.1940963864326477,
      0.33990809321403503,
      0.33728402853012085,
      0.03903881832957268,
      0.000940237077884376,
      0.08873249590396881
    ],
    [
      0.3305221199989319,
      0.11423696577548981,
      0.06022137776017189,
      0.37846624851226807,
      0.053842734545469284,
      0.06271062046289444
    ],
    [
      0.20282553136348724,
      0.3119572103023529,
      0.3141867220401764,
      0.057077955454587936,
      0.002787505742162466,
      0.11116517335176468
    ],
    [
      0.007245863787829876,
      0.0017373221926391125,
      0.0009732144535519183,
      0.46131840348243713,
      0.5261960625648499,
      0.002529191318899393
    ],
    [
      0.3166329264640808,
      0.1702812910079956,
      0.12032946199178696,
      0.24034903943538666,
      0.034802842885255814,
      0.11760453879833221
    ],
    [
      0.3404320478439331,
      0.12584064900875092,
      0.0686781033873558,
      0.3470340967178345,
